Path,Longitude,Latitude,Altitude
0,120.8863807,24.53765926,0
0,120.8863807,24.53765926,0
0,120.8863801,24.53766061,0.200000003
0,120.8863801,24.53766061,0.200000003
0,120.8863807,24.53766036,0.699999988
0,120.8863808,24.53766019,1.100000024
0,120.8863808,24.53766019,1.100000024
0,120.886381,24.53765996,1.200000048
0,120.886381,24.53765996,1.200000048
0,120.8863817,24.53765914,1.200000048
0,120.8863821,24.53765856,1.100000024
0,120.8863821,24.53765856,1.100000024
0,120.8863827,24.53765781,1.100000024
0,120.8863827,24.53765781,1.100000024
0,120.886383,24.53765763,1.300000072
0,120.886383,24.53765763,1.300000072
0,120.8863832,24.53765735,1.700000048
0,120.8863833,24.53765691,2.200000048
0,120.8863833,24.53765691,2.200000048
0,120.8863833,24.53765635,2.700000048
0,120.8863833,24.53765635,2.700000048
0,120.8863832,24.53765535,3.200000048
0,120.8863831,24.53765422,3.600000143
0,120.8863831,24.53765422,3.600000143
0,120.8863831,24.53765358,4
0,120.8863831,24.53765358,4
0,120.8863833,24.53765219,4.400000095
0,120.8863837,24.53764997,4.700000286
0,120.8863837,24.53764997,4.700000286
0,120.8863835,24.53764836,5.099999905
0,120.8863835,24.53764836,5.099999905
0,120.8863837,24.53764751,5.200000286
0,120.8863842,24.53764702,5.099999905
0,120.8863842,24.53764702,5.099999905
0,120.8863803,24.53764837,5
0,120.8863803,24.53764837,5
0,120.8863721,24.53765343,5
0,120.8863721,24.53765343,5
0,120.8863636,24.53765796,4.900000095
0,120.886356,24.53766194,4.900000095
0,120.886356,24.53766194,4.900000095
0,120.8863482,24.53766634,5
0,120.8863482,24.53766634,5
0,120.8863397,24.53767106,5
0,120.8863315,24.53767552,4.900000095
0,120.8863315,24.53767552,4.900000095
0,120.8863239,24.53768044,4.900000095
0,120.8863239,24.53768044,4.900000095
0,120.8863162,24.53768531,5
0,120.8863084,24.53769008,4.900000095
0,120.8863084,24.53769008,4.900000095
0,120.8863006,24.53769582,4.900000095
0,120.8862925,24.53770083,4.900000095
0,120.8862925,24.53770083,4.900000095
0,120.8862841,24.53770666,4.900000095
0,120.8862841,24.53770666,4.900000095
0,120.8862767,24.53771194,4.900000095
0,120.8862692,24.53771784,5
0,120.8862692,24.53771784,5
0,120.8862614,24.53772376,5
0,120.8862614,24.53772376,5
0,120.8862541,24.5377305,5
0,120.8862465,24.53773691,5.099999905
0,120.8862465,24.53773691,5.099999905
0,120.8862389,24.53774439,5.099999905
0,120.8862389,24.53774439,5.099999905
0,120.8862316,24.53775175,5.099999905
0,120.8862249,24.53775886,5.099999905
0,120.8862249,24.53775886,5.099999905
0,120.886218,24.53776598,5.200000286
0,120.886218,24.53776598,5.200000286
0,120.8862112,24.53777308,5.099999905
0,120.8862045,24.53777973,5
0,120.8862045,24.53777973,5
0,120.8861976,24.5377865,5
0,120.8861976,24.5377865,5
0,120.8861912,24.53779303,5
0,120.8861846,24.53779964,5
0,120.8861846,24.53779964,5
0,120.886178,24.53780627,5
0,120.886178,24.53780627,5
0,120.8861714,24.53781298,5
0,120.8861648,24.53781964,5
0,120.8861648,24.53781964,5
0,120.8861584,24.53782625,5
0,120.8861584,24.53782625,5
0,120.8861515,24.53783243,5
0,120.8861449,24.53783903,5
0,120.8861449,24.53783903,5
0,120.8861388,24.53784585,5
0,120.8861388,24.53784585,5
0,120.886133,24.53785271,5.099999905
0,120.8861267,24.53785982,5.099999905
0,120.8861267,24.53785982,5.099999905
0,120.8861208,24.53786657,5.099999905
0,120.8861208,24.53786657,5.099999905
0,120.8861141,24.53787385,5.099999905
0,120.8861075,24.53788091,5.099999905
0,120.8861075,24.53788091,5.099999905
0,120.8861015,24.53788825,5.099999905
0,120.8860951,24.53789578,5.099999905
0,120.8860951,24.53789578,5.099999905
0,120.8860894,24.53790298,5.200000286
0,120.8860894,24.53790298,5.200000286
0,120.8860833,24.53791012,5.099999905
0,120.8860772,24.537917,5
0,120.8860772,24.537917,5
0,120.8860707,24.53792356,5
0,120.8860707,24.53792356,5
0,120.886064,24.53793072,5
0,120.8860576,24.53793742,5
0,120.8860576,24.53793742,5
0,120.8860519,24.53794416,4.900000095
0,120.8860461,24.53795136,5
0,120.8860461,24.53795136,5
0,120.8860401,24.53795872,5
0,120.8860401,24.53795872,5
0,120.8860338,24.5379658,5.099999905
0,120.8860274,24.53797268,5.099999905
0,120.8860274,24.53797268,5.099999905
0,120.8860216,24.5379797,5.099999905
0,120.8860216,24.5379797,5.099999905
0,120.8860157,24.53798676,5.099999905
0,120.8860098,24.53799397,5.200000286
0,120.8860098,24.53799397,5.200000286
0,120.8860038,24.53800149,5.099999905
0,120.8860038,24.53800149,5.099999905
0,120.8859983,24.53800884,5.099999905
0,120.8859926,24.53801638,5.099999905
0,120.8859926,24.53801638,5.099999905
0,120.8859871,24.53802372,5.099999905
0,120.8859871,24.53802372,5.099999905
0,120.8859817,24.53803144,5.099999905
0,120.8859763,24.53803888,5.099999905
0,120.8859763,24.53803888,5.099999905
0,120.8859707,24.53804615,5.099999905
0,120.8859707,24.53804615,5.099999905
0,120.8859651,24.53805335,5.099999905
0,120.8859593,24.53806047,5.099999905
0,120.8859593,24.53806047,5.099999905
0,120.8859533,24.53806762,5.099999905
0,120.8859478,24.53807475,5.099999905
0,120.8859478,24.53807475,5.099999905
0,120.8859422,24.53808218,5
0,120.8859422,24.53808218,5
0,120.8859367,24.53808963,5.099999905
0,120.8859314,24.53809717,5.099999905
0,120.8859314,24.53809717,5.099999905
0,120.8859258,24.53810493,5
0,120.8859258,24.53810493,5
0,120.8859205,24.53811271,5
0,120.8859155,24.53812017,5
0,120.8859155,24.53812017,5
0,120.8859105,24.53812792,5
0,120.8859105,24.53812792,5
0,120.8859051,24.53813563,5.099999905
0,120.8858999,24.53814353,5.099999905
0,120.8858999,24.53814353,5.099999905
0,120.885895,24.53815132,5.099999905
0,120.885895,24.53815132,5.099999905
0,120.8858898,24.53815901,5
0,120.8858853,24.53816693,5
0,120.8858853,24.53816693,5
0,120.8858806,24.53817508,5.099999905
0,120.8858806,24.53817508,5.099999905
0,120.8858764,24.53818329,5.099999905
0,120.8858718,24.53819147,5.099999905
0,120.8858718,24.53819147,5.099999905
0,120.8858676,24.53819969,5
0,120.8858635,24.53820763,5.099999905
0,120.8858635,24.53820763,5.099999905
0,120.8858594,24.53821555,5.099999905
0,120.8858594,24.53821555,5.099999905
0,120.885855,24.53822408,5.099999905
0,120.8858516,24.53823211,5.200000286
0,120.8858516,24.53823211,5.200000286
0,120.8858488,24.53824024,5.099999905
0,120.8858455,24.53824893,5.099999905
0,120.8858455,24.53824893,5.099999905
0,120.885842,24.53825736,5.099999905
0,120.885842,24.53825736,5.099999905
0,120.8858386,24.53826576,5.099999905
0,120.8858353,24.53827402,5.099999905
0,120.8858353,24.53827402,5.099999905
0,120.885832,24.53828232,5.099999905
0,120.885832,24.53828232,5.099999905
0,120.8858287,24.53829084,5.099999905
0,120.8858262,24.53829929,5.099999905
0,120.8858262,24.53829929,5.099999905
0,120.8858241,24.53830796,5
0,120.8858241,24.53830796,5
0,120.8858213,24.53831664,5
0,120.8858193,24.53832542,5.099999905
0,120.8858193,24.53832542,5.099999905
0,120.8858169,24.53833412,5.099999905
0,120.8858169,24.53833412,5.099999905
0,120.8858146,24.53834274,5.099999905
0,120.8858126,24.5383515,5.099999905
0,120.8858126,24.5383515,5.099999905
0,120.8858106,24.53836023,5.099999905
0,120.8858106,24.53836023,5.099999905
0,120.8858082,24.53836875,5.099999905
0,120.8858058,24.53837729,5.099999905
0,120.8858058,24.53837729,5.099999905
0,120.8858029,24.53838638,5.099999905
0,120.8858029,24.53838638,5.099999905
0,120.8858011,24.53839513,5.099999905
0,120.8857988,24.53840413,5.099999905
0,120.8857988,24.53840413,5.099999905
0,120.8857964,24.53841274,5.200000286
0,120.8857964,24.53841274,5.200000286
0,120.8857944,24.53842166,5
0,120.8857924,24.53843041,4.900000095
0,120.8857924,24.53843041,4.900000095
0,120.885791,24.53843966,5
0,120.885791,24.53843966,5
0,120.8857893,24.53844872,5
0,120.8857877,24.53845776,5
0,120.8857877,24.53845776,5
0,120.8857862,24.53846676,4.900000095
0,120.8857862,24.53846676,4.900000095
0,120.8857854,24.53847608,4.900000095
0,120.8857849,24.53848571,5
0,120.8857849,24.53848571,5
0,120.8857843,24.53849538,5
0,120.8857843,24.53849538,5
0,120.8857828,24.53850481,5
0,120.8857824,24.53851392,5
0,120.8857824,24.53851392,5
0,120.885782,24.53852383,5
0,120.885782,24.53852383,5
0,120.8857815,24.53853316,5
0,120.8857816,24.53854277,5
0,120.8857816,24.53854277,5
0,120.8857813,24.53855251,5
0,120.885781,24.53856191,5
0,120.885781,24.53856191,5
0,120.8857808,24.53857183,5
0,120.8857808,24.53857183,5
0,120.8857806,24.53858176,5
0,120.8857806,24.53858176,5
0,120.885781,24.53859194,5
0,120.8857817,24.5386019,5
0,120.8857817,24.5386019,5
0,120.8857819,24.53861083,5
0,120.8857825,24.53861909,5
0,120.8857825,24.53861909,5
0,120.8857839,24.53862729,5
0,120.8857839,24.53862729,5
0,120.8857857,24.53863572,5.099999905
0,120.8857866,24.53864413,5.099999905
0,120.8857866,24.53864413,5.099999905
0,120.8857877,24.53865244,5.099999905
0,120.8857892,24.53866119,5
0,120.8857892,24.53866119,5
0,120.8857902,24.53867043,5
0,120.8857902,24.53867043,5
0,120.8857911,24.53867937,5
0,120.8857914,24.53868845,5
0,120.8857914,24.53868845,5
0,120.885792,24.53869792,5
0,120.885792,24.53869792,5
0,120.8857916,24.53870802,5
0,120.8857915,24.53871814,5.099999905
0,120.8857915,24.53871814,5.099999905
0,120.8857905,24.53872798,5.099999905
0,120.8857902,24.53873764,5.099999905
0,120.8857902,24.53873764,5.099999905
0,120.88579,24.53874755,5.099999905
0,120.88579,24.53874755,5.099999905
0,120.8857895,24.53875723,5.099999905
0,120.8857884,24.53876704,5.099999905
0,120.8857884,24.53876704,5.099999905
0,120.8857871,24.53877709,5.099999905
0,120.8857871,24.53877709,5.099999905
0,120.8857859,24.53878714,5.200000286
0,120.8857849,24.53879688,5
0,120.8857849,24.53879688,5
0,120.8857838,24.53880668,5
0,120.8857838,24.53880668,5
0,120.8857826,24.53881614,5
0,120.8857811,24.53882476,5
0,120.8857811,24.53882476,5
0,120.8857789,24.53883359,5
0,120.8857766,24.53884284,5.099999905
0,120.8857766,24.53884284,5.099999905
0,120.8857754,24.53885191,5.099999905
0,120.8857754,24.53885191,5.099999905
0,120.8857744,24.53886105,5
0,120.8857731,24.53887047,3.799999952
0,120.8857731,24.53887047,3.799999952
0,120.8857715,24.53887973,5.099999905
0,120.8857715,24.53887973,5.099999905
0,120.8857689,24.53888853,5.099999905
0,120.885766,24.53889767,5.099999905
0,120.885766,24.53889767,5.099999905
0,120.8857631,24.53890722,5.099999905
0,120.8857631,24.53890722,5.099999905
0,120.8857601,24.5389163,5.099999905
0,120.8857569,24.53892547,5.200000286
0,120.8857569,24.53892547,5.200000286
0,120.8857541,24.53893485,5.099999905
0,120.8857492,24.53894348,5.099999905
0,120.8857492,24.53894348,5.099999905
0,120.885744,24.53895211,5.099999905
0,120.885744,24.53895211,5.099999905
0,120.8857385,24.53896083,5.099999905
0,120.8857328,24.53896903,5.099999905
0,120.8857328,24.53896903,5.099999905
0,120.8857271,24.53897697,5
0,120.8857271,24.53897697,5
0,120.8857219,24.53898475,5.200000286
0,120.8857171,24.538992,5.099999905
0,120.8857171,24.538992,5.099999905
0,120.885712,24.5389994,5
0,120.8857063,24.53900684,5.099999905
0,120.8857063,24.53900684,5.099999905
0,120.8857003,24.53901378,5.099999905
0,120.8857003,24.53901378,5.099999905
0,120.8856927,24.53901929,5.099999905
0,120.8856845,24.53902489,5
0,120.8856845,24.53902489,5
0,120.885676,24.5390303,5.099999905
0,120.885676,24.5390303,5.099999905
0,120.8856682,24.53903585,5.200000286
0,120.8856607,24.53904152,5.200000286
0,120.8856607,24.53904152,5.200000286
0,120.8856523,24.53904728,5
0,120.8856523,24.53904728,5
0,120.8856439,24.53905321,4.900000095
0,120.885636,24.53905913,4.900000095
0,120.885636,24.53905913,4.900000095
0,120.8856298,24.53906466,3.5
0,120.8856298,24.53906466,3.5
0,120.8856327,24.53906852,4.900000095
0,120.8856301,24.53907249,5
0,120.8856301,24.53907249,5
0,120.8856233,24.53907717,5
0,120.8856233,24.53907717,5
0,120.8856156,24.53907911,5.099999905
0,120.8856071,24.53908081,5.099999905
0,120.8856071,24.53908081,5.099999905
0,120.8856001,24.53908185,5.099999905
0,120.8855918,24.53908085,5.099999905
0,120.8855918,24.53908085,5.099999905
0,120.8855828,24.53907998,5.099999905
0,120.8855828,24.53907998,5.099999905
0,120.8855736,24.53907892,5.200000286
0,120.8855641,24.53907708,5.099999905
0,120.8855641,24.53907708,5.099999905
0,120.8855534,24.5390749,5.099999905
0,120.8855443,24.53907304,5.200000286
0,120.8855443,24.53907304,5.200000286
0,120.8855349,24.53907053,5.099999905
0,120.8855349,24.53907053,5.099999905
0,120.8855235,24.53906724,5.099999905
0,120.885514,24.53906501,4.599999905
0,120.885514,24.53906501,4.599999905
0,120.8855037,24.53906269,5.300000191
0,120.8854935,24.53905999,5.300000191
0,120.8854935,24.53905999,5.300000191
0,120.8854826,24.53905797,5.200000286
0,120.8854826,24.53905797,5.200000286
0,120.88547,24.53905568,5.099999905
0,120.8854604,24.53905363,5
0,120.8854604,24.53905363,5
0,120.8854502,24.53905113,5.200000286
0,120.8854502,24.53905113,5.200000286
0,120.8854391,24.53904824,5.099999905
0,120.8854293,24.53904585,5.099999905
0,120.8854293,24.53904585,5.099999905
0,120.8854206,24.53904386,5.099999905
0,120.8854206,24.53904386,5.099999905
0,120.8854107,24.53904135,5.200000286
0,120.8854012,24.53903834,5.300000191
0,120.8854012,24.53903834,5.300000191
0,120.88539,24.53903488,5.099999905
0,120.8853808,24.53903255,5.099999905
0,120.8853808,24.53903255,5.099999905
0,120.8853709,24.53902954,5.099999905
0,120.8853709,24.53902954,5.099999905
0,120.8853611,24.53902631,5.200000286
0,120.8853512,24.53902348,5.200000286
0,120.8853512,24.53902348,5.200000286
0,120.8853407,24.53902055,5.200000286
0,120.8853407,24.53902055,5.200000286
0,120.8853311,24.53901803,5.099999905
0,120.8853216,24.539015,5.200000286
0,120.8853216,24.539015,5.200000286
0,120.8853148,24.5390117,5.200000286
0,120.885314,24.53901107,5.300000191
0,120.885314,24.53901107,5.300000191
0,120.8853143,24.53901182,5.200000286
0,120.8853143,24.53901182,5.200000286
0,120.8853137,24.5390127,5.300000191
0,120.8853099,24.53902004,5.300000191
0,120.8853099,24.53902004,5.300000191
0,120.8853063,24.53903017,5.300000191
0,120.8853063,24.53903017,5.300000191
0,120.8853062,24.53903173,5.200000286
0,120.8852986,24.53902834,5.200000286
0,120.8852986,24.53902834,5.200000286
0,120.8852879,24.53902412,5.200000286
0,120.8852781,24.53901975,5.200000286
0,120.8852781,24.53901975,5.200000286
0,120.8852677,24.53901585,5.300000191
0,120.8852677,24.53901585,5.300000191
0,120.8852572,24.5390119,5.200000286
0,120.8852471,24.53900751,5.200000286
0,120.8852471,24.53900751,5.200000286
0,120.8852372,24.53900323,5.200000286
0,120.8852372,24.53900323,5.200000286
0,120.8852276,24.5389993,5.200000286
0,120.8852182,24.53899551,5.099999905
0,120.8852182,24.53899551,5.099999905
0,120.8852086,24.53899149,5.200000286
0,120.8852086,24.53899149,5.200000286
0,120.8851989,24.53898758,5.300000191
0,120.8851896,24.53898407,5.300000191
0,120.8851896,24.53898407,5.300000191
0,120.8851806,24.53898018,5.300000191
0,120.8851806,24.53898018,5.300000191
0,120.8851715,24.53897651,5.300000191
0,120.8851627,24.53897284,5.200000286
0,120.8851627,24.53897284,5.200000286
0,120.8851536,24.53896899,5.200000286
0,120.8851536,24.53896899,5.200000286
0,120.8851449,24.53896543,5.300000191
0,120.8851362,24.53896137,5.300000191
0,120.8851362,24.53896137,5.300000191
0,120.8851274,24.53895784,5.300000191
0,120.8851274,24.53895784,5.300000191
0,120.8851186,24.53895448,5.200000286
0,120.88511,24.53895092,5.099999905
0,120.88511,24.53895092,5.099999905
0,120.8851011,24.53894774,5.200000286
0,120.8850928,24.53894455,5.200000286
0,120.8850928,24.53894455,5.200000286
0,120.8850847,24.53894127,5.200000286
0,120.8850847,24.53894127,5.200000286
0,120.8850765,24.53893791,5.300000191
0,120.8850681,24.53893461,5.200000286
0,120.8850681,24.53893461,5.200000286
0,120.8850601,24.53893245,5.099999905
0,120.8850601,24.53893245,5.099999905
0,120.8850515,24.53893022,5
0,120.8850435,24.53892817,4.900000095
0,120.8850435,24.53892817,4.900000095
0,120.8850348,24.53892635,5
0,120.8850266,24.5389237,5.099999905
0,120.8850266,24.5389237,5.099999905
0,120.8850176,24.53892104,5.200000286
0,120.8850176,24.53892104,5.200000286
0,120.8850075,24.53891847,5.200000286
0,120.8849976,24.53891551,5
0,120.8849976,24.53891551,5
0,120.8849879,24.53891264,4.900000095
0,120.8849879,24.53891264,4.900000095
0,120.8849777,24.53890975,5
0,120.8849678,24.53890719,5
0,120.8849678,24.53890719,5
0,120.8849583,24.53890487,5.099999905
0,120.8849583,24.53890487,5.099999905
0,120.8849487,24.5389025,5.200000286
0,120.8849386,24.53890058,5.300000191
0,120.8849386,24.53890058,5.300000191
0,120.8849288,24.53889882,5.200000286
0,120.8849288,24.53889882,5.200000286
0,120.8849191,24.53889752,5.200000286
0,120.8849085,24.5388964,5.200000286
0,120.8849085,24.5388964,5.200000286
0,120.8849017,24.5388949,5.200000286
0,120.8849012,24.53889393,5.200000286
0,120.8849012,24.53889393,5.200000286
0,120.8849029,24.53888686,5.200000286
0,120.8849029,24.53888686,5.200000286
0,120.8849042,24.53887629,5.200000286
0,120.884905,24.53887531,5.200000286
0,120.884905,24.53887531,5.200000286
0,120.884906,24.53887251,5.099999905
0,120.884906,24.53887251,5.099999905
0,120.8849051,24.53886868,4.900000095
0,120.8848943,24.53886823,5.099999905
0,120.8848943,24.53886823,5.099999905
0,120.8848866,24.53886803,5.200000286
0,120.8848866,24.53886803,5.200000286
0,120.8848854,24.53886387,5.099999905
0,120.8848858,24.53885965,5
0,120.8848858,24.53885965,5
0,120.8848781,24.53885856,5
0,120.8848781,24.53885856,5
0,120.8848676,24.53885949,5.099999905
0,120.8848571,24.53886013,5.200000286
0,120.8848571,24.53886013,5.200000286
0,120.884847,24.5388607,5.300000191
0,120.8848367,24.53886192,5.200000286
0,120.8848367,24.53886192,5.200000286
0,120.8848263,24.53886247,5.400000095
0,120.8848263,24.53886247,5.400000095
0,120.8848167,24.53886395,5.400000095
0,120.8848064,24.53886541,5.400000095
0,120.8848064,24.53886541,5.400000095
0,120.8847968,24.53886637,5.300000191
0,120.8847968,24.53886637,5.300000191
0,120.8847876,24.53886722,5.300000191
0,120.8847779,24.53886833,5.200000286
0,120.8847779,24.53886833,5.200000286
0,120.884768,24.5388691,5.200000286
0,120.884768,24.5388691,5.200000286
0,120.8847592,24.53887009,5.099999905
0,120.8847487,24.53887142,5
0,120.8847487,24.53887142,5
0,120.88474,24.53887257,5.099999905
0,120.8847292,24.53887423,5.099999905
0,120.8847292,24.53887423,5.099999905
0,120.8847196,24.53887601,5.200000286
0,120.8847196,24.53887601,5.200000286
0,120.8847099,24.53887757,5.300000191
0,120.8847009,24.53887926,5.300000191
0,120.8847009,24.53887926,5.300000191
0,120.8846913,24.5388811,5.200000286
0,120.8846913,24.5388811,5.200000286
0,120.8846812,24.53888292,5.200000286
0,120.8846718,24.53888486,5.099999905
0,120.8846718,24.53888486,5.099999905
0,120.8846626,24.53888719,5.200000286
0,120.8846626,24.53888719,5.200000286
0,120.8846529,24.53888908,5.200000286
0,120.8846437,24.53889085,5.099999905
0,120.8846437,24.53889085,5.099999905
0,120.8846345,24.53889287,5.099999905
0,120.8846255,24.53889482,5.200000286
0,120.8846255,24.53889482,5.200000286
0,120.8846163,24.5388975,5.300000191
0,120.8846163,24.5388975,5.300000191
0,120.8846071,24.53889969,5.200000286
0,120.8845981,24.53890203,5.099999905
0,120.8845981,24.53890203,5.099999905
0,120.8845888,24.53890445,5.099999905
0,120.8845888,24.53890445,5.099999905
0,120.8845797,24.53890645,5.099999905
0,120.8845704,24.53890787,5.200000286
0,120.8845704,24.53890787,5.200000286
0,120.8845611,24.53890892,5.200000286
0,120.8845515,24.53890941,5.099999905
0,120.8845515,24.53890941,5.099999905
0,120.8845419,24.53891142,5
0,120.8845419,24.53891142,5
0,120.8845319,24.53891369,5.099999905
0,120.8845216,24.53891588,5.200000286
0,120.8845216,24.53891588,5.200000286
0,120.884512,24.5389175,5.200000286
0,120.884512,24.5389175,5.200000286
0,120.8845022,24.53891874,5.099999905
0,120.8844923,24.53892059,5
0,120.8844923,24.53892059,5
0,120.8844819,24.53892326,5.099999905
0,120.8844819,24.53892326,5.099999905
0,120.8844723,24.53892554,5.099999905
0,120.8844625,24.53892791,5.200000286
0,120.8844625,24.53892791,5.200000286
0,120.884453,24.53893001,5.200000286
0,120.884443,24.53893243,5.200000286
0,120.884443,24.53893243,5.200000286
0,120.884433,24.53893432,5.099999905
0,120.884433,24.53893432,5.099999905
0,120.8844234,24.53893679,5
0,120.8844138,24.53893952,5.099999905
0,120.8844138,24.53893952,5.099999905
0,120.8844038,24.53894216,5.099999905
0,120.8843937,24.53894481,5.200000286
0,120.8843937,24.53894481,5.200000286
0,120.8843837,24.53894734,5.200000286
0,120.8843837,24.53894734,5.200000286
0,120.8843732,24.53895004,5.099999905
0,120.8843625,24.53895201,5.099999905
0,120.8843625,24.53895201,5.099999905
0,120.8843524,24.53895432,5.099999905
0,120.8843524,24.53895432,5.099999905
0,120.8843424,24.53895642,5.200000286
0,120.8843324,24.53895928,5.099999905
0,120.8843324,24.53895928,5.099999905
0,120.8843224,24.53896231,5.200000286
0,120.8843122,24.53896535,5.200000286
0,120.8843122,24.53896535,5.200000286
0,120.8843024,24.53896809,5.099999905
0,120.8843024,24.53896809,5.099999905
0,120.8842923,24.53897085,5.099999905
0,120.8842828,24.53897363,5.200000286
0,120.8842828,24.53897363,5.200000286
0,120.8842736,24.5389765,5.200000286
0,120.8842736,24.5389765,5.200000286
0,120.8842646,24.53897888,5.099999905
0,120.8842553,24.53898159,5
0,120.8842553,24.53898159,5
0,120.8842461,24.53898443,5.099999905
0,120.8842366,24.53898677,5.099999905
0,120.8842366,24.53898677,5.099999905
0,120.8842271,24.53898975,5.099999905
0,120.8842271,24.53898975,5.099999905
0,120.8842176,24.5389926,5.200000286
0,120.8842075,24.53899565,5.200000286
0,120.8842075,24.53899565,5.200000286
0,120.8841978,24.53899821,5.099999905
0,120.8841978,24.53899821,5.099999905
0,120.8841884,24.53900087,5.099999905
0,120.8841792,24.53900432,5.200000286
0,120.8841792,24.53900432,5.200000286
0,120.8841702,24.53900733,5.099999905
0,120.8841611,24.53900948,5.200000286
0,120.8841611,24.53900948,5.200000286
0,120.8841518,24.5390114,5.200000286
0,120.8841518,24.5390114,5.200000286
0,120.8841426,24.53901378,5.099999905
0,120.8841338,24.53901633,5
0,120.8841338,24.53901633,5
0,120.8841254,24.53901885,4.900000095
0,120.8841254,24.53901885,4.900000095
0,120.8841151,24.53902144,5
0,120.8841056,24.53902348,5.099999905
0,120.8841056,24.53902348,5.099999905
0,120.8840956,24.53902569,5.099999905
0,120.8840857,24.53902817,5.099999905
0,120.8840857,24.53902817,5.099999905
0,120.8840756,24.53903036,5.099999905
0,120.8840756,24.53903036,5.099999905
0,120.884066,24.53903204,5.099999905
0,120.8840569,24.53903437,5.099999905
0,120.8840569,24.53903437,5.099999905
0,120.8840475,24.53903733,5.200000286
0,120.8840475,24.53903733,5.200000286
0,120.884038,24.53904023,5.300000191
0,120.8840287,24.53904312,5.200000286
0,120.8840287,24.53904312,5.200000286
0,120.8840204,24.53904573,5.099999905
0,120.8840102,24.53904932,5
0,120.8840102,24.53904932,5
0,120.8840007,24.53905263,5
0,120.8840007,24.53905263,5
0,120.8839915,24.53905506,5
0,120.8839823,24.53905773,5
0,120.8839823,24.53905773,5
0,120.8839733,24.53906057,5
0,120.8839733,24.53906057,5
0,120.8839638,24.53906361,5.099999905
0,120.8839547,24.53906628,5.099999905
0,120.8839547,24.53906628,5.099999905
0,120.8839451,24.5390687,5.099999905
0,120.8839451,24.5390687,5.099999905
0,120.8839412,24.5390722,0.699999988
0,120.8839415,24.53907302,5.099999905
0,120.8839415,24.53907302,5.099999905
0,120.8839422,24.53907248,4.900000095
0,120.8839427,24.53907178,4.200000286
0,120.8839427,24.53907178,4.200000286
0,120.8839428,24.53907118,4
0,120.8839393,24.53906134,4
0,120.8839393,24.53906134,4
0,120.8839389,24.53906003,5.200000286
0,120.8839389,24.53906003,5.200000286
0,120.8839395,24.5390596,5.400000095
0,120.8839402,24.53905963,5.400000095
0,120.8839402,24.53905963,5.400000095
0,120.8839409,24.53905947,5.400000095
0,120.8839409,24.53905947,5.400000095
0,120.8839406,24.53905894,5.400000095
0,120.8839398,24.53905865,5.300000191
0,120.8839398,24.53905865,5.300000191
0,120.8839377,24.53905877,5.300000191
0,120.8839286,24.53906096,5.200000286
0,120.8839286,24.53906096,5.200000286
0,120.8839185,24.53906398,5.099999905
0,120.8839185,24.53906398,5.099999905
0,120.8839083,24.53906752,5
0,120.8838985,24.53907107,5
0,120.8838985,24.53907107,5
0,120.8838893,24.53907464,5
0,120.8838893,24.53907464,5
0,120.8838795,24.53907852,5
0,120.8838691,24.53908257,5.099999905
0,120.8838691,24.53908257,5.099999905
0,120.8838588,24.5390859,5
0,120.8838487,24.53908993,5.099999905
0,120.8838487,24.53908993,5.099999905
0,120.8838402,24.53909269,5
0,120.8838402,24.53909269,5
0,120.8838297,24.53909734,5.099999905
0,120.8838205,24.53910117,5
0,120.8838205,24.53910117,5
0,120.8838103,24.5391058,5.099999905
0,120.8838103,24.5391058,5.099999905
0,120.8838012,24.53910926,5.099999905
0,120.8837916,24.53911325,5.099999905
0,120.8837916,24.53911325,5.099999905
0,120.8837814,24.53911774,5.099999905
0,120.8837814,24.53911774,5.099999905
0,120.8837726,24.53912148,5.099999905
0,120.8837645,24.53912424,5.099999905
0,120.8837645,24.53912424,5.099999905
0,120.8837554,24.53912829,5.099999905
0,120.8837458,24.53913204,5
0,120.8837458,24.53913204,5
0,120.8837378,24.53913591,5
0,120.8837378,24.53913591,5
0,120.88373,24.53914035,4.900000095
0,120.8837217,24.53914417,4.900000095
0,120.8837217,24.53914417,4.900000095
0,120.8837123,24.53914737,4.800000191
0,120.8837049,24.53914962,4.800000191
0,120.8837049,24.53914962,4.800000191
0,120.8836965,24.53915321,4.700000286
0,120.8836965,24.53915321,4.700000286
0,120.8836877,24.53915692,4.700000286
0,120.883678,24.53916025,4.700000286
0,120.883678,24.53916025,4.700000286
0,120.8836678,24.5391633,4.599999905
0,120.8836678,24.5391633,4.599999905
0,120.8836574,24.53916673,4.599999905
0,120.8836476,24.53917069,4.599999905
0,120.8836476,24.53917069,4.599999905
0,120.8836378,24.53917453,4.5
0,120.8836268,24.53917867,4.5
0,120.8836268,24.53917867,4.5
0,120.8836171,24.53918345,4.400000095
0,120.8836171,24.53918345,4.400000095
0,120.8836075,24.53918758,4.400000095
0,120.8835975,24.53919275,4.400000095
0,120.8835975,24.53919275,4.400000095
0,120.8835875,24.53919734,4.400000095
0,120.8835875,24.53919734,4.400000095
0,120.8835784,24.53920166,4.400000095
0,120.8835699,24.53920466,4.5
0,120.8835699,24.53920466,4.5
0,120.8835611,24.53920726,4.5
0,120.8835523,24.53921118,4.599999905
0,120.8835523,24.53921118,4.599999905
0,120.8835423,24.53921443,4.5
0,120.8835423,24.53921443,4.5
0,120.8835337,24.53921766,4.5
0,120.8835247,24.53922324,4.599999905
0,120.8835247,24.53922324,4.599999905
0,120.8835157,24.53922803,4.5
0,120.8835157,24.53922803,4.5
0,120.8835061,24.5392329,4.5
0,120.8834982,24.53923822,4.599999905
0,120.8834982,24.53923822,4.599999905
0,120.8834896,24.53924466,4.599999905
0,120.8834896,24.53924466,4.599999905
0,120.8834802,24.53925077,4.599999905
0,120.8834708,24.53925576,4.599999905
0,120.8834708,24.53925576,4.599999905
0,120.8834627,24.53926135,4.599999905
0,120.8834627,24.53926135,4.599999905
0,120.8834544,24.53926598,4.599999905
0,120.8834446,24.53927186,4.700000286
0,120.8834446,24.53927186,4.700000286
0,120.8834371,24.53927687,4.700000286
0,120.8834371,24.53927687,4.700000286
0,120.8834288,24.53928214,4.700000286
0,120.8834201,24.53928681,4.800000191
0,120.8834201,24.53928681,4.800000191
0,120.8834118,24.53929255,4.800000191
0,120.8834118,24.53929255,4.800000191
0,120.8834046,24.53929826,4.800000191
0,120.8833972,24.53930307,4.700000286
0,120.8833972,24.53930307,4.700000286
0,120.8833887,24.53930875,4.700000286
0,120.8833811,24.53931552,4.599999905
0,120.8833811,24.53931552,4.599999905
0,120.8833744,24.53932118,4.599999905
0,120.8833744,24.53932118,4.599999905
0,120.8833668,24.53932684,4.599999905
0,120.8833592,24.53933304,4.5
0,120.8833592,24.53933304,4.5
0,120.883351,24.5393388,4.599999905
0,120.883351,24.5393388,4.599999905
0,120.8833433,24.5393459,4.5
0,120.8833346,24.53935327,4.5
0,120.8833346,24.53935327,4.5
0,120.8833264,24.53935968,4.5
0,120.8833264,24.53935968,4.5
0,120.8833197,24.5393649,4.5
0,120.8833115,24.5393723,4.5
0,120.8833115,24.5393723,4.5
0,120.883303,24.53937739,4.599999905
0,120.883303,24.53937739,4.599999905
0,120.8832942,24.53938278,4.599999905
0,120.8832875,24.53938857,4.599999905
0,120.8832875,24.53938857,4.599999905
0,120.8832793,24.53939546,4.599999905
0,120.8832723,24.5394015,4.599999905
0,120.8832723,24.5394015,4.599999905
0,120.8832641,24.53940879,4.599999905
0,120.8832641,24.53940879,4.599999905
0,120.8832552,24.53941484,4.700000286
0,120.8832552,24.53941484,4.700000286
0,120.8832465,24.53942108,4.700000286
0,120.8832377,24.53942751,4.700000286
0,120.8832377,24.53942751,4.700000286
0,120.8832294,24.53943407,4.800000191
0,120.8832195,24.53943971,4.800000191
0,120.8832195,24.53943971,4.800000191
0,120.883211,24.5394461,4.700000286
0,120.883211,24.5394461,4.700000286
0,120.8832035,24.53945278,4.700000286
0,120.8831958,24.53945925,4.800000191
0,120.8831958,24.53945925,4.800000191
0,120.8831875,24.53946588,4.800000191
0,120.8831875,24.53946588,4.800000191
0,120.883179,24.53947317,4.800000191
0,120.8831709,24.53947909,4.700000286
0,120.8831709,24.53947909,4.700000286
0,120.8831622,24.53948526,4.700000286
0,120.8831535,24.53949169,4.700000286
0,120.8831535,24.53949169,4.700000286
0,120.883145,24.53949861,4.700000286
0,120.883145,24.53949861,4.700000286
0,120.8831364,24.53950452,4.700000286
0,120.8831275,24.5395109,4.800000191
0,120.8831275,24.5395109,4.800000191
0,120.8831201,24.53951756,4.900000095
0,120.8831127,24.53952341,4.900000095
0,120.8831127,24.53952341,4.900000095
0,120.8831051,24.53952892,4.900000095
0,120.8831051,24.53952892,4.900000095
0,120.8830971,24.53953495,4.800000191
0,120.8830891,24.53954061,4.800000191
0,120.8830891,24.53954061,4.800000191
0,120.8830803,24.5395461,4.700000286
0,120.8830803,24.5395461,4.700000286
0,120.8830721,24.53955219,4.599999905
0,120.883064,24.53955784,4.599999905
0,120.883064,24.53955784,4.599999905
0,120.8830556,24.5395633,4.700000286
0,120.8830478,24.53956963,4.700000286
0,120.8830478,24.53956963,4.700000286
0,120.8830402,24.53957586,4.700000286
0,120.8830402,24.53957586,4.700000286
0,120.8830321,24.53958151,4.700000286
0,120.8830236,24.53958753,4.700000286
0,120.8830236,24.53958753,4.700000286
0,120.8830148,24.53959323,4.700000286
0,120.8830148,24.53959323,4.700000286
0,120.8830066,24.53959995,4.700000286
0,120.882998,24.53960698,4.700000286
0,120.882998,24.53960698,4.700000286
0,120.8829895,24.53961331,4.700000286
0,120.8829811,24.53962052,4.599999905
0,120.8829811,24.53962052,4.599999905
0,120.8829726,24.53962672,4.700000286
0,120.8829726,24.53962672,4.700000286
0,120.882965,24.53963433,4.800000191
0,120.8829568,24.5396405,4.800000191
0,120.8829568,24.5396405,4.800000191
0,120.8829487,24.53964628,4.800000191
0,120.8829409,24.5396538,4.800000191
0,120.8829409,24.5396538,4.800000191
0,120.8829334,24.53966063,4.700000286
0,120.8829334,24.53966063,4.700000286
0,120.8829251,24.53966785,4.700000286
0,120.8829177,24.53967553,4.800000191
0,120.8829177,24.53967553,4.800000191
0,120.8829102,24.53968201,4.900000095
0,120.8829102,24.53968201,4.900000095
0,120.8829019,24.5396879,4.900000095
0,120.8828936,24.53969448,4.900000095
0,120.8828936,24.53969448,4.900000095
0,120.8828856,24.53970098,4.800000191
0,120.8828856,24.53970098,4.800000191
0,120.8828781,24.5397077,4.800000191
0,120.8828713,24.53971311,4.700000286
0,120.8828713,24.53971311,4.700000286
0,120.8828629,24.53972061,4.700000286
0,120.8828629,24.53972061,4.700000286
0,120.8828565,24.53972696,4.800000191
0,120.8828481,24.53973423,4.800000191
0,120.8828481,24.53973423,4.800000191
0,120.8828405,24.53974018,4.800000191
0,120.8828405,24.53974018,4.800000191
0,120.8828329,24.53974636,4.800000191
0,120.8828249,24.53975302,4.800000191
0,120.8828249,24.53975302,4.800000191
0,120.882817,24.53975858,4.700000286
0,120.8828088,24.53976484,4.599999905
0,120.8828088,24.53976484,4.599999905
0,120.8828017,24.53977114,4.700000286
0,120.8828017,24.53977114,4.700000286
0,120.8827943,24.5397765,4.800000191
0,120.8827868,24.53978207,4.800000191
0,120.8827868,24.53978207,4.800000191
0,120.8827801,24.53978772,4.700000286
0,120.8827801,24.53978772,4.700000286
0,120.8827716,24.53979546,4.599999905
0,120.882763,24.53980189,4.700000286
0,120.882763,24.53980189,4.700000286
0,120.8827552,24.53980842,4.700000286
0,120.8827479,24.53981473,4.800000191
0,120.8827479,24.53981473,4.800000191
0,120.8827403,24.53982106,4.900000095
0,120.8827403,24.53982106,4.900000095
0,120.8827325,24.53982629,4.800000191
0,120.8827254,24.53983258,4.800000191
0,120.8827254,24.53983258,4.800000191
0,120.8827192,24.53983761,4.800000191
0,120.8827192,24.53983761,4.800000191
0,120.8827124,24.539843,4.800000191
0,120.8827064,24.5398488,4.700000286
0,120.8827064,24.5398488,4.700000286
0,120.8827004,24.53985514,4.700000286
0,120.8827004,24.53985514,4.700000286
0,120.8826942,24.53986128,4.800000191
0,120.8826877,24.53986718,4.700000286
0,120.8826877,24.53986718,4.700000286
0,120.8826812,24.53987328,4.700000286
0,120.8826812,24.53987328,4.700000286
0,120.8826746,24.53987959,4.700000286
0,120.8826671,24.53988691,4.700000286
0,120.8826671,24.53988691,4.700000286
0,120.8826613,24.53989278,4.700000286
0,120.8826537,24.53990136,4.700000286
0,120.8826537,24.53990136,4.700000286
0,120.882647,24.53990868,4.800000191
0,120.882647,24.53990868,4.800000191
0,120.8826396,24.53991537,4.800000191
0,120.8826324,24.5399213,4.800000191
0,120.8826324,24.5399213,4.800000191
0,120.8826262,24.53992865,4.800000191
0,120.8826262,24.53992865,4.800000191
0,120.8826203,24.53993577,4.800000191
0,120.8826121,24.53994377,4.800000191
0,120.8826121,24.53994377,4.800000191
0,120.8826048,24.53995011,4.800000191
0,120.8825967,24.5399566,4.800000191
0,120.8825967,24.5399566,4.800000191
0,120.8825873,24.53996352,4.800000191
0,120.8825873,24.53996352,4.800000191
0,120.8825806,24.53997227,4.800000191
0,120.882573,24.53997957,4.800000191
0,120.882573,24.53997957,4.800000191
0,120.882565,24.53998587,4.900000095
0,120.882565,24.53998587,4.900000095
0,120.8825572,24.53999164,4.900000095
0,120.88255,24.53999842,4.900000095
0,120.88255,24.53999842,4.900000095
0,120.8825428,24.54000516,4.900000095
0,120.8825428,24.54000516,4.900000095
0,120.8825356,24.54001119,4.900000095
0,120.8825281,24.54001727,4.900000095
0,120.8825281,24.54001727,4.900000095
0,120.8825196,24.54002271,5
0,120.8825104,24.54002876,5
0,120.8825104,24.54002876,5
0,120.8825018,24.54003489,5.099999905
0,120.8825018,24.54003489,5.099999905
0,120.8824939,24.54004131,5.099999905
0,120.8824853,24.54004741,5.200000286
0,120.8824853,24.54004741,5.200000286
0,120.8824757,24.54005273,5.200000286
0,120.8824757,24.54005273,5.200000286
0,120.8824659,24.54005908,5.200000286
0,120.8824559,24.54006365,5.099999905
0,120.8824559,24.54006365,5.099999905
0,120.8824453,24.54006676,5.099999905
0,120.8824453,24.54006676,5.099999905
0,120.8824347,24.54007052,5.099999905
0,120.8824241,24.54007336,5.200000286
0,120.8824241,24.54007336,5.200000286
0,120.8824136,24.5400768,5.200000286
0,120.8824037,24.54007966,5.200000286
0,120.8824037,24.54007966,5.200000286
0,120.8823941,24.54008312,5.200000286
0,120.8823941,24.54008312,5.200000286
0,120.8823848,24.54008643,5.099999905
0,120.8823757,24.54008958,5
0,120.8823757,24.54008958,5
0,120.8823668,24.54009337,5.099999905
0,120.8823668,24.54009337,5.099999905
0,120.8823577,24.54009588,5.099999905
0,120.8823488,24.54009838,5.200000286
0,120.8823488,24.54009838,5.200000286
0,120.8823386,24.54010126,5.200000286
0,120.8823386,24.54010126,5.200000286
0,120.8823285,24.54010169,5.099999905
0,120.8823177,24.54010262,5.099999905
0,120.8823177,24.54010262,5.099999905
0,120.8823074,24.5401033,5.200000286
0,120.8822975,24.540103,5.200000286
0,120.8822975,24.540103,5.200000286
0,120.8822874,24.54010261,5.200000286
0,120.8822874,24.54010261,5.200000286
0,120.8822772,24.54010137,5.099999905
0,120.8822672,24.54009922,5.099999905
0,120.8822672,24.54009922,5.099999905
0,120.8822577,24.54009642,5.200000286
0,120.8822481,24.54009334,5.300000191
0,120.8822481,24.54009334,5.300000191
0,120.8822385,24.5400903,5.300000191
0,120.8822385,24.5400903,5.300000191
0,120.8822294,24.54008782,5.200000286
0,120.8822205,24.54008444,5.300000191
0,120.8822205,24.54008444,5.300000191
0,120.8822122,24.54007986,5.300000191
0,120.8822122,24.54007986,5.300000191
0,120.8822044,24.54007446,5.300000191
0,120.8821968,24.54007066,5.200000286
0,120.8821968,24.54007066,5.200000286
0,120.8821894,24.54006567,5.300000191
0,120.8821894,24.54006567,5.300000191
0,120.8821825,24.54006099,5.200000286
0,120.8821761,24.54005621,5.099999905
0,120.8821761,24.54005621,5.099999905
0,120.8821696,24.54005059,4.900000095
0,120.8821627,24.54004457,4.800000191
0,120.8821627,24.54004457,4.800000191
0,120.8821558,24.5400385,4.900000095
0,120.8821558,24.5400385,4.900000095
0,120.8821484,24.54003309,5
0,120.8821415,24.54002832,5.300000191
0,120.8821415,24.54002832,5.300000191
0,120.882134,24.54002326,5.5
0,120.882134,24.54002326,5.5
0,120.8821262,24.54001738,5.5
0,120.8821191,24.54001129,5.400000095
0,120.8821191,24.54001129,5.400000095
0,120.8821123,24.5400059,5.300000191
0,120.8821123,24.5400059,5.300000191
0,120.8821042,24.53999922,5.200000286
0,120.8820971,24.53999327,5.099999905
0,120.8820971,24.53999327,5.099999905
0,120.8820901,24.53998704,5
0,120.8820834,24.53998085,5
0,120.8820834,24.53998085,5
0,120.8820772,24.53997407,5.099999905
0,120.8820772,24.53997407,5.099999905
0,120.8820706,24.53996758,5.200000286
0,120.8820643,24.53996037,5.099999905
0,120.8820643,24.53996037,5.099999905
0,120.8820574,24.53995346,5
0,120.8820574,24.53995346,5
0,120.8820513,24.53994638,5.099999905
0,120.8820449,24.53993922,5.099999905
0,120.8820449,24.53993922,5.099999905
0,120.882038,24.53993192,5.200000286
0,120.882032,24.53992476,5.200000286
0,120.882032,24.53992476,5.200000286
0,120.8820258,24.5399171,5.300000191
0,120.8820258,24.5399171,5.300000191
0,120.8820202,24.53991032,5.300000191
0,120.8820135,24.53990203,5.200000286
0,120.8820135,24.53990203,5.200000286
0,120.8820077,24.53989455,5.200000286
0,120.8820019,24.53988699,5.200000286
0,120.8820019,24.53988699,5.200000286
0,120.8819959,24.53987949,5.200000286
0,120.8819959,24.53987949,5.200000286
0,120.8819903,24.53987218,5.099999905
0,120.8819848,24.53986521,5.200000286
0,120.8819848,24.53986521,5.200000286
0,120.8819798,24.53985846,5.200000286
0,120.8819747,24.53985133,5.099999905
0,120.8819747,24.53985133,5.099999905
0,120.8819695,24.53984386,5.099999905
0,120.8819695,24.53984386,5.099999905
0,120.8819637,24.5398363,5.200000286
0,120.8819576,24.53982855,5.300000191
0,120.8819576,24.53982855,5.300000191
0,120.8819517,24.53982123,5.300000191
0,120.8819456,24.53981362,5.300000191
0,120.8819456,24.53981362,5.300000191
0,120.8819396,24.53980607,5.200000286
0,120.8819396,24.53980607,5.200000286
0,120.8819338,24.5397988,5.200000286
0,120.881928,24.53979141,5.200000286
0,120.881928,24.53979141,5.200000286
0,120.8819223,24.53978425,5.099999905
0,120.8819223,24.53978425,5.099999905
0,120.8819164,24.53977697,5.099999905
0,120.8819103,24.53976917,5.200000286
0,120.8819103,24.53976917,5.200000286
0,120.8819049,24.53976141,5.300000191
0,120.8819049,24.53976141,5.300000191
0,120.8818997,24.53975375,5.200000286
0,120.8818944,24.53974528,5.200000286
0,120.8818944,24.53974528,5.200000286
0,120.8818891,24.53973687,5.200000286
0,120.8818891,24.53973687,5.200000286
0,120.8818828,24.53972869,5.200000286
0,120.8818762,24.53971993,5.099999905
0,120.8818762,24.53971993,5.099999905
0,120.88187,24.53971165,5.099999905
0,120.8818632,24.53970336,5.099999905
0,120.8818632,24.53970336,5.099999905
0,120.8818559,24.53969572,5.200000286
0,120.8818488,24.5396883,5.200000286
0,120.8818488,24.5396883,5.200000286
0,120.8818414,24.53968094,5.200000286
0,120.8818414,24.53968094,5.200000286
0,120.8818337,24.53967387,5.099999905
0,120.8818266,24.53966652,5.200000286
0,120.8818266,24.53966652,5.200000286
0,120.8818194,24.53965961,5.300000191
0,120.8818194,24.53965961,5.300000191
0,120.8818127,24.53965262,5.200000286
0,120.8818058,24.53964597,5.300000191
0,120.8818058,24.53964597,5.300000191
0,120.8817994,24.53963911,5.300000191
0,120.8817994,24.53963911,5.300000191
0,120.8817925,24.53963264,5.300000191
0,120.8817857,24.53962653,5.400000095
0,120.8817857,24.53962653,5.400000095
0,120.8817793,24.53962045,5.300000191
0,120.8817793,24.53962045,5.300000191
0,120.8817727,24.53961409,5.200000286
0,120.8817662,24.53960796,5.200000286
0,120.8817662,24.53960796,5.200000286
0,120.8817595,24.53960235,5.200000286
0,120.8817595,24.53960235,5.200000286
0,120.8817537,24.53959679,5.300000191
0,120.8817478,24.53959148,5.200000286
0,120.8817478,24.53959148,5.200000286
0,120.8817415,24.53958546,5.099999905
0,120.8817351,24.53957936,5.099999905
0,120.8817351,24.53957936,5.099999905
0,120.8817274,24.53957357,5.099999905
0,120.8817274,24.53957357,5.099999905
0,120.8817198,24.53956754,5.200000286
0,120.8817115,24.53956156,5.300000191
0,120.8817115,24.53956156,5.300000191
0,120.8817031,24.53955605,5.099999905
0,120.8817031,24.53955605,5.099999905
0,120.8816939,24.53955047,5.099999905
0,120.8816847,24.53954602,5.200000286
0,120.8816847,24.53954602,5.200000286
0,120.8816752,24.53954268,5.200000286
0,120.8816752,24.53954268,5.200000286
0,120.8816656,24.53953844,5.200000286
0,120.8816564,24.53953418,5.200000286
0,120.8816564,24.53953418,5.200000286
0,120.8816468,24.53953066,5.200000286
0,120.8816376,24.53952727,5.099999905
0,120.8816376,24.53952727,5.099999905
0,120.8816285,24.53952373,5.200000286
0,120.8816285,24.53952373,5.200000286
0,120.881619,24.53952025,5.300000191
0,120.8816103,24.53951696,5.099999905
0,120.8816103,24.53951696,5.099999905
0,120.8816017,24.53951345,5.200000286
0,120.8816017,24.53951345,5.200000286
0,120.8815932,24.53951058,5.200000286
0,120.8815822,24.53950751,5.200000286
0,120.8815822,24.53950751,5.200000286
0,120.8815728,24.53950477,5.200000286
0,120.8815728,24.53950477,5.200000286
0,120.881563,24.53950248,5.300000191
0,120.881554,24.53950013,5.200000286
0,120.881554,24.53950013,5.200000286
0,120.8815449,24.53949751,5.200000286
0,120.8815449,24.53949751,5.200000286
0,120.8815359,24.53949454,5.099999905
0,120.8815266,24.53949128,5.099999905
0,120.8815266,24.53949128,5.099999905
0,120.8815181,24.53948843,5.200000286
0,120.8815074,24.539485,5.099999905
0,120.8815074,24.539485,5.099999905
0,120.8814973,24.53948243,5
0,120.8814973,24.53948243,5
0,120.8814873,24.53947974,5.200000286
0,120.8814781,24.53947765,5.099999905
0,120.8814781,24.53947765,5.099999905
0,120.8814668,24.53947537,5.200000286
0,120.8814668,24.53947537,5.200000286
0,120.8814564,24.53947367,5.300000191
0,120.8814467,24.53947196,5.200000286
0,120.8814467,24.53947196,5.200000286
0,120.8814369,24.53947058,5.200000286
0,120.8814369,24.53947058,5.200000286
0,120.881427,24.53946927,5.099999905
0,120.8814173,24.53946771,5.099999905
0,120.8814173,24.53946771,5.099999905
0,120.8814076,24.53946618,5.200000286
0,120.8814076,24.53946618,5.200000286
0,120.8813984,24.53946483,5.400000095
0,120.8813891,24.53946349,5.400000095
0,120.8813891,24.53946349,5.400000095
0,120.8813806,24.53946178,5.400000095
0,120.8813806,24.53946178,5.400000095
0,120.8813698,24.53945981,5.400000095
0,120.88136,24.5394583,5.300000191
0,120.88136,24.5394583,5.300000191
0,120.8813502,24.53945639,5.200000286
0,120.8813404,24.53945485,5.300000191
0,120.8813404,24.53945485,5.300000191
0,120.8813306,24.53945328,5.400000095
0,120.8813306,24.53945328,5.400000095
0,120.8813208,24.53945194,5.300000191
0,120.881311,24.53945066,5.300000191
0,120.881311,24.53945066,5.300000191
0,120.8813015,24.53944918,5.300000191
0,120.8813015,24.53944918,5.300000191
0,120.8812915,24.53944801,5.300000191
0,120.8812818,24.53944685,5.200000286
0,120.8812818,24.53944685,5.200000286
0,120.8812723,24.53944586,5.300000191
0,120.8812723,24.53944586,5.300000191
0,120.8812629,24.53944479,5.200000286
0,120.8812532,24.53944421,5.200000286
0,120.8812532,24.53944421,5.200000286
0,120.8812434,24.5394433,5.200000286
0,120.8812434,24.5394433,5.200000286
0,120.8812335,24.5394428,5.200000286
0,120.8812233,24.53944218,5.099999905
0,120.8812233,24.53944218,5.099999905
0,120.881214,24.53944171,5.099999905
0,120.881214,24.53944171,5.099999905
0,120.8812043,24.53944165,5.200000286
0,120.8811944,24.53944089,5.300000191
0,120.8811944,24.53944089,5.300000191
0,120.8811839,24.53944059,5.300000191
0,120.8811738,24.53944011,5.200000286
0,120.8811738,24.53944011,5.200000286
0,120.8811631,24.53943921,5.300000191
0,120.8811631,24.53943921,5.300000191
0,120.8811531,24.53943871,5.200000286
0,120.8811436,24.53943816,5.200000286
0,120.8811436,24.53943816,5.200000286
0,120.8811335,24.53943823,5.099999905
0,120.8811335,24.53943823,5.099999905
0,120.8811245,24.53943761,5.099999905
0,120.8811151,24.53943716,5.200000286
0,120.8811151,24.53943716,5.200000286
0,120.8811057,24.53943684,5.200000286
0,120.8810964,24.53943644,5.200000286
0,120.8810964,24.53943644,5.200000286
0,120.8810872,24.53943586,5.099999905
0,120.8810872,24.53943586,5.099999905
0,120.8810776,24.53943494,5.099999905
0,120.8810679,24.53943436,5.200000286
0,120.8810679,24.53943436,5.200000286
0,120.8810583,24.5394334,5.300000191
0,120.8810491,24.53943241,5.300000191
0,120.8810491,24.53943241,5.300000191
0,120.8810394,24.53943183,5.300000191
0,120.8810394,24.53943183,5.300000191
0,120.8810298,24.53943128,5.200000286
0,120.8810205,24.53943036,5.200000286
0,120.8810205,24.53943036,5.200000286
0,120.8810112,24.53942936,5.200000286
0,120.8810112,24.53942936,5.200000286
0,120.8810019,24.53942824,5.200000286
0,120.8809929,24.53942703,5.200000286
0,120.8809929,24.53942703,5.200000286
0,120.8809837,24.53942611,5.200000286
0,120.8809743,24.53942483,5.099999905
0,120.8809743,24.53942483,5.099999905
0,120.8809649,24.53942317,5.099999905
0,120.8809649,24.53942317,5.099999905
0,120.8809558,24.53942174,5.200000286
0,120.8809464,24.53941983,5.200000286
0,120.8809464,24.53941983,5.200000286
0,120.8809367,24.53941798,5.099999905
0,120.8809367,24.53941798,5.099999905
0,120.8809276,24.53941587,5.099999905
0,120.8809182,24.53941336,5.200000286
0,120.8809182,24.53941336,5.200000286
0,120.8809092,24.53941096,5.099999905
0,120.8809092,24.53941096,5.099999905
0,120.8808993,24.53940872,5.099999905
0,120.8808889,24.53940663,5.200000286
0,120.8808889,24.53940663,5.200000286
0,120.8808786,24.53940468,5.200000286
0,120.8808786,24.53940468,5.200000286
0,120.8808685,24.53940241,5.099999905
0,120.8808584,24.53940047,5.300000191
0,120.8808584,24.53940047,5.300000191
0,120.8808495,24.53939871,5.200000286
0,120.8808393,24.53939593,5.200000286
0,120.8808393,24.53939593,5.200000286
0,120.8808281,24.53939306,5.200000286
0,120.8808281,24.53939306,5.200000286
0,120.8808194,24.53939116,5.099999905
0,120.8808094,24.53938874,5
0,120.8808094,24.53938874,5
0,120.8807989,24.53938668,5.200000286
0,120.8807989,24.53938668,5.200000286
0,120.8807889,24.53938475,5.099999905
0,120.8807788,24.53938287,5.099999905
0,120.8807788,24.53938287,5.099999905
0,120.880769,24.53938058,5.200000286
0,120.8807604,24.53937846,5.200000286
0,120.8807604,24.53937846,5.200000286
0,120.8807497,24.53937544,5.200000286
0,120.8807497,24.53937544,5.200000286
0,120.8807402,24.5393731,5.099999905
0,120.8807302,24.53936987,5.099999905
0,120.8807302,24.53936987,5.099999905
0,120.8807215,24.53936693,5.200000286
0,120.8807215,24.53936693,5.200000286
0,120.880712,24.53936401,5.200000286
0,120.8807016,24.53936041,5.200000286
0,120.8807016,24.53936041,5.200000286
0,120.8806934,24.53935701,5.200000286
0,120.8806934,24.53935701,5.200000286
0,120.8806842,24.53935311,5.200000286
0,120.880675,24.53934929,5.099999905
0,120.880675,24.53934929,5.099999905
0,120.8806661,24.53934572,5.200000286
0,120.8806564,24.5393428,5.200000286
0,120.8806564,24.5393428,5.200000286
0,120.8806477,24.5393388,5.300000191
0,120.8806477,24.5393388,5.300000191
0,120.8806396,24.53933492,5.200000286
0,120.8806311,24.53933048,5
0,120.8806311,24.53933048,5
0,120.8806233,24.53932551,5
0,120.8806233,24.53932551,5
0,120.8806159,24.53932068,5.099999905
0,120.8806094,24.53931577,5.099999905
0,120.8806094,24.53931577,5.099999905
0,120.8806004,24.53930994,5.099999905
0,120.8805935,24.53930579,5.099999905
0,120.8805935,24.53930579,5.099999905
0,120.8805855,24.53930023,5.200000286
0,120.8805855,24.53930023,5.200000286
0,120.8805771,24.53929504,5.200000286
0,120.8805685,24.53928975,5.200000286
0,120.8805685,24.53928975,5.200000286
0,120.8805601,24.53928392,5.200000286
0,120.8805601,24.53928392,5.200000286
0,120.8805521,24.53927866,5.200000286
0,120.8805449,24.53927325,5.099999905
0,120.8805449,24.53927325,5.099999905
0,120.8805377,24.53926756,5
0,120.8805301,24.53926183,5.099999905
0,120.8805301,24.53926183,5.099999905
0,120.8805286,24.53925837,5
0,120.8805286,24.53925837,5
1,120.8805524,24.53933289,0
1,120.8805524,24.53933289,0
1,120.8805507,24.53933201,0.400000006
1,120.8805513,24.53933161,0.900000036
1,120.8805513,24.53933161,0.900000036
1,120.8805506,24.53933147,1.200000048
1,120.8805506,24.53933147,1.200000048
1,120.8805503,24.53933134,1.200000048
1,120.8805501,24.53933049,1.100000024
1,120.8805501,24.53933049,1.100000024
1,120.8805493,24.53932994,1.100000024
1,120.8805493,24.53932994,1.100000024
1,120.8805487,24.53932909,1.200000048
1,120.8805487,24.53932909,1.200000048
1,120.8805479,24.53932852,1.399999976
1,120.8805478,24.53932811,1.800000072
1,120.8805478,24.53932811,1.800000072
1,120.8805475,24.53932809,2.299999952
1,120.8805475,24.53932809,2.299999952
1,120.8805481,24.53932819,2.700000048
1,120.8805481,24.53932819,2.700000048
1,120.8805484,24.53932882,3.200000048
1,120.8805483,24.53932881,3.700000048
1,120.8805483,24.53932881,3.700000048
1,120.8805479,24.5393286,4.099999905
1,120.8805479,24.5393286,4.099999905
1,120.8805466,24.53932932,4.599999905
1,120.8805462,24.53932969,5
1,120.8805462,24.53932969,5
1,120.8805455,24.53933008,5.200000286
1,120.8805455,24.53933008,5.200000286
1,120.8805454,24.53933047,5.099999905
1,120.8805411,24.53932675,5
1,120.8805411,24.53932675,5
1,120.8805341,24.53932,5.099999905
1,120.8805341,24.53932,5.099999905
1,120.8805265,24.53931343,5.099999905
1,120.8805193,24.53930685,5.200000286
1,120.8805193,24.53930685,5.200000286
1,120.8805127,24.53929989,5.300000191
1,120.8805127,24.53929989,5.300000191
1,120.8805062,24.53929347,5.200000286
1,120.8805003,24.53928708,5.099999905
1,120.8805003,24.53928708,5.099999905
1,120.8804942,24.53928092,5.099999905
1,120.8804942,24.53928092,5.099999905
1,120.8804889,24.53927391,5
1,120.8804839,24.53926681,5.099999905
1,120.8804839,24.53926681,5.099999905
1,120.8804788,24.53926021,5.200000286
1,120.8804788,24.53926021,5.200000286
1,120.8804736,24.53925352,5.300000191
1,120.8804684,24.53924702,5.300000191
1,120.8804684,24.53924702,5.300000191
1,120.880463,24.53924038,5.099999905
1,120.8804567,24.53923395,5.200000286
1,120.8804567,24.53923395,5.200000286
1,120.8804509,24.53922724,5.200000286
1,120.8804509,24.53922724,5.200000286
1,120.8804452,24.53922071,5.099999905
1,120.8804394,24.53921439,5.099999905
1,120.8804394,24.53921439,5.099999905
1,120.8804335,24.53920774,5.200000286
1,120.8804335,24.53920774,5.200000286
1,120.8804277,24.539201,5.099999905
1,120.880422,24.53919451,5
1,120.880422,24.53919451,5
1,120.8804168,24.53918776,5.200000286
1,120.8804168,24.53918776,5.200000286
1,120.8804107,24.53918144,5.099999905
1,120.8804045,24.53917521,5.099999905
1,120.8804045,24.53917521,5.099999905
1,120.8803984,24.53916901,5.099999905
1,120.8803984,24.53916901,5.099999905
1,120.8803923,24.53916261,5.200000286
1,120.8803859,24.53915641,5.200000286
1,120.8803859,24.53915641,5.200000286
1,120.8803793,24.53914979,5.099999905
1,120.8803793,24.53914979,5.099999905
1,120.8803724,24.53914328,5.099999905
1,120.8803654,24.53913693,5.200000286
1,120.8803654,24.53913693,5.200000286
1,120.8803591,24.53913061,5.200000286
1,120.8803527,24.53912457,5.200000286
1,120.8803527,24.53912457,5.200000286
1,120.8803469,24.53911799,5.099999905
1,120.8803469,24.53911799,5.099999905
1,120.880341,24.5391115,5
1,120.8803354,24.53910466,5.099999905
1,120.8803354,24.53910466,5.099999905
1,120.8803294,24.53909815,5.200000286
1,120.8803294,24.53909815,5.200000286
1,120.8803231,24.53909143,5.099999905
1,120.8803165,24.53908543,5.099999905
1,120.8803165,24.53908543,5.099999905
1,120.8803106,24.53907895,5.099999905
1,120.8803106,24.53907895,5.099999905
1,120.8803042,24.53907277,5.200000286
1,120.8802983,24.53906625,5.200000286
1,120.8802983,24.53906625,5.200000286
1,120.8802926,24.53905957,5.099999905
1,120.8802926,24.53905957,5.099999905
1,120.8802863,24.53905326,5
1,120.8802804,24.53904657,5
1,120.8802804,24.53904657,5
1,120.8802739,24.53904001,5.200000286
1,120.8802739,24.53904001,5.200000286
1,120.8802679,24.53903346,5.200000286
1,120.8802616,24.53902732,5.099999905
1,120.8802616,24.53902732,5.099999905
1,120.8802555,24.53902074,5
1,120.8802555,24.53902074,5
1,120.880249,24.53901407,5.099999905
1,120.8802426,24.53900751,5.200000286
1,120.8802426,24.53900751,5.200000286
1,120.8802367,24.53900092,5.200000286
1,120.8802367,24.53900092,5.200000286
1,120.8802302,24.53899456,5.099999905
1,120.880224,24.53898821,5
1,120.880224,24.53898821,5
1,120.8802176,24.53898172,5.099999905
1,120.8802118,24.53897561,5.200000286
1,120.8802118,24.53897561,5.200000286
1,120.8802056,24.53896952,5.099999905
1,120.8802056,24.53896952,5.099999905
1,120.8801996,24.53896316,5.099999905
1,120.8801937,24.53895659,5.200000286
1,120.8801937,24.53895659,5.200000286
1,120.8801874,24.53895019,5.099999905
1,120.8801874,24.53895019,5.099999905
1,120.8801811,24.53894358,5
1,120.8801745,24.53893722,5
1,120.8801745,24.53893722,5
1,120.8801682,24.53893108,5
1,120.8801682,24.53893108,5
1,120.880162,24.53892486,5.099999905
1,120.8801559,24.53891816,5.099999905
1,120.8801559,24.53891816,5.099999905
1,120.88015,24.53891153,5.099999905
1,120.88015,24.53891153,5.099999905
1,120.880144,24.53890463,5.099999905
1,120.8801383,24.5388975,5.099999905
1,120.8801383,24.5388975,5.099999905
1,120.8801321,24.53889045,5.200000286
1,120.8801321,24.53889045,5.200000286
1,120.8801259,24.53888307,5.200000286
1,120.8801198,24.53887615,5.200000286
1,120.8801198,24.53887615,5.200000286
1,120.8801134,24.53886894,5
1,120.8801066,24.53886188,5
1,120.8801066,24.53886188,5
1,120.8801003,24.53885483,5.099999905
1,120.8801003,24.53885483,5.099999905
1,120.8800938,24.53884806,5.099999905
1,120.8800938,24.53884806,5.099999905
1,120.8800873,24.53884121,5.099999905
1,120.8800803,24.53883456,5.099999905
1,120.8800803,24.53883456,5.099999905
1,120.8800728,24.53882795,5.099999905
1,120.8800728,24.53882795,5.099999905
1,120.8800655,24.53882148,5.099999905
1,120.8800578,24.53881493,5.099999905
1,120.8800578,24.53881493,5.099999905
1,120.8800504,24.53880829,5.200000286
1,120.8800433,24.53880148,5.200000286
1,120.8800433,24.53880148,5.200000286
1,120.8800362,24.53879443,5
1,120.8800362,24.53879443,5
1,120.8800294,24.53878774,4.900000095
1,120.8800294,24.53878774,4.900000095
1,120.8800229,24.53878092,5
1,120.8800168,24.53877384,4.900000095
1,120.8800168,24.53877384,4.900000095
1,120.8800103,24.53876713,5
1,120.8800103,24.53876713,5
1,120.8800044,24.53876025,5
1,120.8799985,24.53875313,5
1,120.8799985,24.53875313,5
1,120.8799924,24.53874624,5
1,120.8799924,24.53874624,5
1,120.8799857,24.53873938,5
1,120.8799786,24.53873286,5
1,120.8799786,24.53873286,5
1,120.8799717,24.53872588,5.099999905
1,120.8799717,24.53872588,5.099999905
1,120.8799651,24.53871873,5
1,120.879958,24.5387119,5.099999905
1,120.879958,24.5387119,5.099999905
1,120.8799508,24.53870517,5
1,120.8799508,24.53870517,5
1,120.879944,24.53869858,5
1,120.879937,24.53869212,5.099999905
1,120.879937,24.53869212,5.099999905
1,120.8799303,24.53868559,5
1,120.8799303,24.53868559,5
1,120.8799232,24.53867917,5
1,120.8799164,24.53867279,5
1,120.8799164,24.53867279,5
1,120.8799093,24.53866648,5
1,120.8799093,24.53866648,5
1,120.8799023,24.53866012,5
1,120.8798954,24.53865356,5
1,120.8798954,24.53865356,5
1,120.8798882,24.5386467,5
1,120.8798882,24.5386467,5
1,120.8798812,24.53864006,5.099999905
1,120.8798744,24.53863332,5.099999905
1,120.8798744,24.53863332,5.099999905
1,120.8798679,24.5386265,5.099999905
1,120.8798611,24.53861993,5
1,120.8798611,24.53861993,5
1,120.8798541,24.53861301,5.099999905
1,120.8798541,24.53861301,5.099999905
1,120.8798477,24.53860604,5.099999905
1,120.8798415,24.53859891,5.099999905
1,120.8798415,24.53859891,5.099999905
1,120.8798352,24.53859181,5.099999905
1,120.8798352,24.53859181,5.099999905
1,120.879829,24.53858431,5
1,120.8798226,24.53857704,5.099999905
1,120.8798226,24.53857704,5.099999905
1,120.8798161,24.53857004,5
1,120.8798161,24.53857004,5
1,120.87981,24.53856316,5
1,120.8798032,24.53855618,5
1,120.8798032,24.53855618,5
1,120.8797965,24.53854978,5
1,120.8797965,24.53854978,5
1,120.87979,24.53854289,5
1,120.8797829,24.53853618,5
1,120.8797829,24.53853618,5
1,120.8797754,24.53852974,5
1,120.8797692,24.53852293,5
1,120.8797692,24.53852293,5
1,120.8797632,24.53851689,5
1,120.8797632,24.53851689,5
1,120.8797565,24.5385107,5
1,120.8797495,24.53850392,5.099999905
1,120.8797495,24.53850392,5.099999905
1,120.8797421,24.53849742,5
1,120.8797421,24.53849742,5
1,120.8797347,24.53849056,5
1,120.8797277,24.53848333,5
1,120.8797277,24.53848333,5
1,120.8797204,24.53847648,5
1,120.8797204,24.53847648,5
1,120.8797136,24.53846971,5
1,120.8797068,24.53846291,5.099999905
1,120.8797068,24.53846291,5.099999905
1,120.8796999,24.53845561,5.099999905
1,120.8796999,24.53845561,5.099999905
1,120.8796929,24.53844838,5.099999905
1,120.8796856,24.5384414,5
1,120.8796856,24.5384414,5
1,120.8796779,24.53843463,5.099999905
1,120.8796779,24.53843463,5.099999905
1,120.8796704,24.53842824,5
1,120.8796633,24.5384217,5
1,120.8796633,24.5384217,5
1,120.879656,24.53841526,5
1,120.879656,24.53841526,5
1,120.8796484,24.53840867,5.099999905
1,120.8796412,24.53840183,5.099999905
1,120.8796412,24.53840183,5.099999905
1,120.8796339,24.5383954,5.200000286
1,120.8796339,24.5383954,5.200000286
1,120.8796262,24.53838876,5.099999905
1,120.8796184,24.5383826,5
1,120.8796184,24.5383826,5
1,120.8796105,24.53837611,5
1,120.8796024,24.5383701,5.099999905
1,120.8796024,24.5383701,5.099999905
1,120.8795943,24.53836402,5.099999905
1,120.8795943,24.53836402,5.099999905
1,120.8795858,24.53835851,5.099999905
1,120.8795776,24.53835302,5.099999905
1,120.8795776,24.53835302,5.099999905
1,120.8795693,24.53834717,5.099999905
1,120.8795693,24.53834717,5.099999905
1,120.8795607,24.53834161,5.200000286
1,120.8795523,24.53833632,5.099999905
1,120.8795523,24.53833632,5.099999905
1,120.8795437,24.53833117,5.200000286
1,120.8795437,24.53833117,5.200000286
1,120.8795356,24.53832684,5.200000286
1,120.8795255,24.5383216,5
1,120.8795255,24.5383216,5
1,120.8795162,24.53831695,5
1,120.8795162,24.53831695,5
1,120.8795072,24.53831283,5
1,120.8794978,24.53830881,5
1,120.8794978,24.53830881,5
1,120.8794887,24.53830505,5.099999905
1,120.8794887,24.53830505,5.099999905
1,120.8794795,24.53830148,5
1,120.8794703,24.53829807,5.099999905
1,120.8794703,24.53829807,5.099999905
1,120.8794614,24.53829431,5.099999905
1,120.8794614,24.53829431,5.099999905
1,120.8794516,24.53829106,5.099999905
1,120.8794419,24.53828766,5.099999905
1,120.8794419,24.53828766,5.099999905
1,120.8794321,24.53828421,5.200000286
1,120.8794321,24.53828421,5.200000286
1,120.8794227,24.53828074,5.099999905
1,120.8794141,24.53827776,5
1,120.8794141,24.53827776,5
